title,link
Cara Membuat Gelas Kopi Dari Botol Bekas/Cutting Bottle/Glass Bottle,https://youtu.be/6c5wz8WNUMk
Cara Membuat Aquarium Dari Botol Sirup/Glass Bottle,https://youtu.be/fhKYYYOC9V4
DIY Unique and Luxurious Modern Wall Lamp from Used Glass Bottles and PVC Pipes,https://youtu.be/xBbqg0Aieks
Ide Kreatif dari Kaca/Glass Bekas,https://youtu.be/nNfDympfHTY
Cara Baru Memotong Botol Kaca/Glass Hasilnya Dijamin Lebih Rapi,https://youtu.be/kZS2PsLG8DE
Setelah Nonton Pasti Semua Cari Botol Kaca/Glass Bekas,https://youtu.be/mOiuMTP8HJM
Kerajinan dari Kaca Bekas dan Cara Pembuatannya. Crafts from Used Glass,https://youtu.be/R-Di-11Ne30
Ide Kreatif dari Botol Kaca/Glass,https://youtu.be/9FUG5ZZBCVk
The Idea of Making Used Glass Bottles Like Zombies,https://youtu.be/kDAQcRo1wJo
Kerajinan Bahan Keras Buatan dari Botol Kaca/Glass Bekas,https://youtu.be/Z7KPL5bq4qs
Membuat Benda Mewah Dari Botol Kaca/Glass Bekas,https://youtu.be/xZwa9YJCrmY
DIY Cut Square Glass Bottle In 3 Simple Steps,https://youtu.be/obZvrg92M4M
DIY 3 Easy Ideas with Glass Jars,https://youtu.be/pja8HgSC6jU
Amazing Perfect Idea Made of Glass Bottles and Wool,https://youtu.be/anHwEm9PtjA
7 DIY Glass Bottle Decoration Ideas,https://youtu.be/xptLVkBKmHg
DIY Glass Bottle Home Décor - 3 Simple Ideas,https://youtu.be/79YC-zH5Mxo
